<?xml version="1.0" encoding="UTF-8"?>
<beans xmlns="http://www.springframework.org/schema/beans"
	xmlns:xsi="http://www.w3.org/2001/XMLSchema-instance"
	xmlns:context="http://www.springframework.org/schema/context"
	xmlns:mybatis-spring="http://mybatis.org/schema/mybatis-spring"
	xmlns:tx="http://www.springframework.org/schema/tx"
	xsi:schemaLocation="http://mybatis.org/schema/mybatis-spring http://mybatis.org/schema/mybatis-spring-1.2.xsd
		http://www.springframework.org/schema/beans https://www.springframework.org/schema/beans/spring-beans.xsd
		http://www.springframework.org/schema/context http://www.springframework.org/schema/context/spring-context-4.3.xsd
		http://www.springframework.org/schema/tx http://www.springframework.org/schema/tx/spring-tx-4.3.xsd">

	<!-- Root Context: defines shared resources visible to all other web components -->
	<!-- 디비 정보 가져오기 -->
	<context:property-placeholder
		location="/WEB-INF/config/mysql_db.properties" />

	<!-- 스프링 jdbc연결 -->
	<bean id="dataSource"
		class="org.springframework.jdbc.datasource.DriverManagerDataSource">
		<!-- <property name="driverClassName" value="${db.driverClass}" /> <property 
			name="url" value="${db.url}" /> -->
		<property name="driverClassName"
			value="net.sf.log4jdbc.sql.jdbcapi.DriverSpy"></property>
		<property name="url"
			value="jdbc:log4jdbc:mysql://localhost:3306/shopping?serverTimezone=Asia/Seoul" />
		<property name="username" value="${db.username}" />
		<property name="password" value="${db.password}" />
	</bean>

	<!-- mybatis 추가 -->
	<bean id="sqlSessionFactoryBean"
		class="org.mybatis.spring.SqlSessionFactoryBean">
		<!-- dataSource -->
		<property name="dataSource" ref="dataSource" />
		<property name="configLocation"
			value="/WEB-INF/config/mybatis_config.xml" />
	</bean>
	
	

	<tx:annotation-driven />
	
	<mybatis-spring:scan base-package="com.shop.mapper" />
	<context:component-scan
		base-package="com.shop.model"></context:component-scan>
	<context:component-scan
		base-package="com.shop.service"></context:component-scan>
</beans>
