<?xml version="1.0" encoding="UTF-8"?>
<beans:beans
	xmlns="http://www.springframework.org/schema/mvc"
	xmlns:xsi="http://www.w3.org/2001/XMLSchema-instance"
	xmlns:beans="http://www.springframework.org/schema/beans"
	xmlns:context="http://www.springframework.org/schema/context"
	xsi:schemaLocation="http://www.springframework.org/schema/mvc https://www.springframework.org/schema/mvc/spring-mvc.xsd
		http://www.springframework.org/schema/beans https://www.springframework.org/schema/beans/spring-beans.xsd
		http://www.springframework.org/schema/context https://www.springframework.org/schema/context/spring-context.xsd">

	<annotation-driven />

	<!-- servlet_context.xml -->
	<context:component-scan
		base-package="com.shop.controller">
	</context:component-scan>

	<!-- 뷰 리졸버 -->
	<beans:bean
		class="org.springframework.web.servlet.view.InternalResourceViewResolver">
		<beans:property name="prefix" value="/WEB-INF/views/" />
		<beans:property name="suffix" value=".jsp" />
	</beans:bean>

	<!-- Handles HTTP GET requests for /resources/** by efficiently serving 
		up static resources in the ${webappRoot}/resources directory -->
		
	<resources mapping="/resources/**" location="/resources/" />
	
	<!-- 인터셉터 적용 -->
	<interceptors>
		<interceptor>
			<mapping path="/member/login.do"></mapping>
			<beans:bean id="loginIntreceptor"
				class="com.shop.interceptor.LoginInterceptor"></beans:bean>
		</interceptor>
		<interceptor>
			<mapping path="/admin/**"></mapping>
			<beans:bean id="AdminIntreceptor"
				class="com.shop.interceptor.AdminInterceptor"></beans:bean>
		</interceptor>
		
	</interceptors>
	<!-- 업로드 관련 빈 -->
	<beans:bean id="multipartResolver" class="org.springframework.web.multipart.support.StandardServletMultipartResolver"></beans:bean>
</beans:beans>
